{
  "3": {
    "recall": [
      0.57
    ],
    "precision": [
      1.0
    ],
    "ap": [
      1.0
    ],
    "ndcg": [
      1.0
    ],
    "f1": [
      0.5454545454545454
    ]
  },
  "5": {
    "recall": [
      0.625
    ],
    "precision": [
      1.0
    ],
    "ap": [
      1.0
    ],
    "ndcg": [
      1.0
    ],
    "f1": [
      0.7692307692307693
    ]
  },
  "10": {
    "recall": [
      0.875
    ],
    "precision": [
      0.7
    ],
    "ap": [
      0.8472222222222222
    ],
    "ndcg": [
      0.9120345678990496
    ],
    "f1": [
      0.7777777777777777
    ]
  }
}